{
    "className": "Part",
    
    "properties": {
        
        "Color": [0.9725490196078431, 0.9725490196078431, 0.9725490196078431],
        "Material": "Asphalt",
        "Anchored": true,
        "Reflectance": 1,

        "Size": [0.676, 8.186, 4.652],
        "Position": [-26.267, 122.093, -38.544],
        "Rotation": [0, 90, 0]
        
    }
    
}