{
    "ClassName": "Atmosphere",
    "Properties": {
      
        "Density": 0,
        
        "Offset": 0,
        
        "Color": [0.1647058823529412, 0.1647058823529412, 0.0470588235294118],
        
        "Decay": [0, 0, 0],
        
        "Glare": 0,
        
        "Haze": 10
        
    }
}
