{
    "ClassName": "ColorCorrectionEffect",
    "Properties": {
      
        "Brightness": 0,

        "Contrast": 0.1,

        "Saturation": -0.3,

        "TintColor": [1, 0.992156862745098, 0.7450980392156863]
        
    }
}
